Comment,Designator,Footprint,LCSC,Quantity
100n,"C10,C15",C_0603_1608Metric_Pad1.08x0.95mm_HandSolder,C14663,2
TPS63020,"U10,U11",TPS63020DSJR,C15483,2
47u,"C8,C9",C_0805_2012Metric_Pad1.18x1.45mm_HandSolder,C16780,2
10k,"R30,R31,R32,R6",R_0805_2012Metric_Pad1.20x1.40mm_HandSolder,C17414,4
6k8,R29,R_0805_2012Metric_Pad1.20x1.40mm_HandSolder,C17772,1
8.2k,R7,R_0805_2012Metric_Pad1.20x1.40mm_HandSolder,C17828,1
10u,"C11,C12,C3",C_0603_1608Metric_Pad1.08x0.95mm_HandSolder,C197002,3
10u,"C14,C19,C22",C_0603_1608Metric_Pad1.08x0.95mm_HandSolder,C19702,3
1k,"R14,R16,R28,R5",R_0603_1608Metric_Pad0.98x0.95mm_HandSolder,C21190,4
LED,"D1,D3,D4",LED_0603_1608Metric_Pad1.05x0.95mm_HandSolder,C2286,3
4.7k,"R24,R27",R_0603_1608Metric_Pad0.98x0.95mm_HandSolder,C23162,2
2.2u,C16,C_0603_1608Metric_Pad1.08x0.95mm_HandSolder,C23630,1
USB_C_Receptacle_PowerOnly_6P,J4,USB_C_Receptacle_GCT_USB4110,C2927028,1
200,R10,R_0805_2012Metric_Pad1.20x1.40mm_HandSolder,C2933534,1
1k8,R25,R_0603_1608Metric_Pad0.98x0.95mm_HandSolder,C4177,1
5k6,R13,R_0805_2012Metric_Pad1.20x1.40mm_HandSolder,C4382,1
SW_Nidec_CAS-120A1,SW1,SW-TH_1MS1T1B1M1QES-5,C496154,1
DRV8833PWPR,"U1,U4",DRV8833PWPR,C50506,2
1u,"C21,C4",C_0603_1608Metric_Pad1.08x0.95mm_HandSolder,C5673,2
INA219AxDCN,U2,INA219AIDCNR,C87469,1
2.2u,"C13,C17",C_0603_1608Metric_Pad1.08x0.95mm_HandSolder,C96446,2
TestPoint,TP36,TestPoint_Pad_D1.0mm,,1
TestPoint,TP35,TestPoint_Pad_D1.0mm,,1
TestPoint,TP34,TestPoint_Pad_D1.0mm,,1
TestPoint,TP33,TestPoint_Pad_D1.0mm,,1
TestPoint,TP32,TestPoint_Pad_D1.0mm,,1
TestPoint,TP30,TestPoint_Pad_D1.0mm,,1
TestPoint,TP26,TestPoint_Pad_D1.0mm,,1
TestPoint,TP25,TestPoint_Pad_D1.0mm,,1
TestPoint,TP24,TestPoint_Pad_D1.0mm,,1
TestPoint,TP23,TestPoint_Pad_D1.0mm,,1
TestPoint,TP22,TestPoint_Pad_D1.0mm,,1
TestPoint,TP21,TestPoint_Pad_D1.0mm,,1
TestPoint,TP20,TestPoint_Pad_D1.0mm,,1
TestPoint,TP19,TestPoint_Pad_D1.0mm,,1
TestPoint,TP14,TestPoint_Pad_D1.0mm,,1
TestPoint,TP13,TestPoint_Pad_D1.0mm,,1
TestPoint,TP12,TestPoint_Pad_D1.0mm,,1
TestPoint,TP11,TestPoint_Pad_D1.0mm,,1
TestPoint,TP10,TestPoint_Pad_D1.0mm,,1
TestPoint,TP9,TestPoint_Pad_D1.0mm,,1
TestPoint,TP8,TestPoint_Pad_D1.0mm,,1
TestPoint,TP7,TestPoint_Pad_D1.0mm,,1
TestPoint,TP6,TestPoint_Pad_D1.0mm,,1
TestPoint,TP4,TestPoint_Pad_D1.0mm,,1
TestPoint,TP3,TestPoint_Pad_D1.0mm,,1
TestPoint,TP2,TestPoint_Pad_D1.0mm,,1
0.22,R12,R2512,,1
200,R11,R_0805_2012Metric_Pad1.20x1.40mm_HandSolder,,1
1.8k,R4,R_0603_1608Metric,,1
1.8k,R2,R_0603_1608Metric,,1
2.2u,L2,L_1008_2520Metric_Pad1.43x2.20mm_HandSolder,,1
2.2u,L1,L_1008_2520Metric_Pad1.43x2.20mm_HandSolder,,1
Jumper_2_Small_Open,JP18,SolderJumper-2_P1.3mm_Open_Pad1.0x1.5mm,,1
Jumper_2_Small_Open,JP16,SolderJumper-2_P1.3mm_Open_Pad1.0x1.5mm,,1
Jumper_2_Small_Open,JP15,SolderJumper-2_P1.3mm_Open_Pad1.0x1.5mm,,1
Jumper_2_Small_Open,JP14,SolderJumper-2_P1.3mm_Open_Pad1.0x1.5mm,,1
Jumper_2_Small_Open,JP11,SolderJumper-2_P1.3mm_Open_Pad1.0x1.5mm,,1
Jumper_2_Small_Open,JP10,SolderJumper-2_P1.3mm_Open_Pad1.0x1.5mm,,1
Jumper_2_Small_Open,JP9,SolderJumper-2_P1.3mm_Open_Pad1.0x1.5mm,,1
Jumper_2_Small_Open,JP8,SolderJumper-2_P1.3mm_Open_Pad1.0x1.5mm,,1
Jumper_2_Small_Open,JP7,SolderJumper-2_P1.3mm_Open_Pad1.0x1.5mm,,1
Jumper_2_Small_Open,JP6,SolderJumper-2_P1.3mm_Open_Pad1.0x1.5mm,,1
Jumper_2_Small_Open,JP5,SolderJumper-2_P1.3mm_Open_Pad1.0x1.5mm,,1
Jumper_2_Small_Open,JP4,SolderJumper-2_P1.3mm_Open_Pad1.0x1.5mm,,1
Jumper_2_Small_Open,JP3,SolderJumper-2_P1.3mm_Open_Pad1.0x1.5mm,,1
Jumper_2_Small_Open,JP2,SolderJumper-2_P1.3mm_Open_Pad1.0x1.5mm,,1
Jumper_2_Small_Open,JP1,SolderJumper-2_P1.3mm_Open_Pad1.0x1.5mm,,1
Conn_02x16_Odd_Even,J3,PinHeader_2x16_P2.54mm_Vertical,,1
Conn_01x02_Pin,J1,JST_JWPF_B02B-JWPF-SK-R_1x02_P2.00mm_Vertical,,1
10u,C7,C_0603_1608Metric_Pad1.08x0.95mm_HandSolder,,1
10u,C6,C_0603_1608Metric_Pad1.08x0.95mm_HandSolder,,1
0.1u,C5,C_0603_1608Metric_Pad1.08x0.95mm_HandSolder,,1
2.2u,C2,C_0603_1608Metric_Pad1.08x0.95mm_HandSolder,,1
TestPoint,TP40,TestPoint_Pad_D1.0mm,,1
TestPoint,TP39,TestPoint_Pad_D1.0mm,,1
TestPoint,TP38,TestPoint_THTPad_D2.5mm_Drill1.2mm,,1
TestPoint,TP37,TestPoint_THTPad_D2.5mm_Drill1.2mm,,1
TestPoint,TP27,TestPoint_Pad_D1.0mm,,1
0.22,R19,R2512,,1
0.22,R18,R2512,,1
0.22,R17,R2512,,1
0.22,R15,R2512,,1
0.22,R9,R2512,,1
0.22,R8,R2512,,1
Jumper_2_Small_Open,JP24,SolderJumper-2_P1.3mm_Open_Pad1.0x1.5mm,,1
Jumper_2_Small_Open,JP23,SolderJumper-2_P1.3mm_Open_Pad1.0x1.5mm,,1
Jumper_2_Small_Open,JP22,SolderJumper-2_P1.3mm_Open_Pad1.0x1.5mm,,1
Jumper_2_Small_Open,JP21,SolderJumper-2_P1.3mm_Open_Pad1.0x1.5mm,,1
Jumper_2_Small_Open,JP19,SolderJumper-2_P1.3mm_Open_Pad1.0x1.5mm,,1
Jumper_2_Small_Open,JP17,SolderJumper-2_P1.3mm_Open_Pad1.0x1.5mm,,1
